{"cameraMode":{"drawMode":0,"name":"Shaded","section":"Shading Mode"},"sceneLighting":true,"audioPlay":false,"sceneViewState":{"m_AlwaysRefresh":false,"showFog":true,"showSkybox":true,"showFlares":true,"showImageEffects":true,"showParticleSystems":true,"showVisualEffectGraphs":true,"m_FxEnabled":true},"in2DMode":false,"pivot":{"x":4.8779497146606449,"y":11.324752807617188,"z":13.166854858398438},"rotation":{"x":0.1999550312757492,"y":0.0017735729925334454,"z":-0.0003604419471230358,"w":0.9798073768615723},"size":27.9691219329834,"orthographic":false}